<?xml version="1.0" encoding="UTF-8" standalone="yes"?>
<students>
    <student>
        <id>1</id>
        <name>Nguyễn Văn C</name>
        <grade>tdh</grade>
        <address>NH</address>
        <reward>Không có</reward>
        <punishment>Không có</punishment>
        <activity>Chưa tham gia</activity>
        <placeJoinDoan>thppt</placeJoinDoan>
        <placeJoinDang>Phenikaa</placeJoinDang>
        <dateJoinDoan>08/11/2024</dateJoinDoan>
        <dateJoinDang>07/11/2024</dateJoinDang>
        <isDoanPhi>true</isDoanPhi>
        <isDangPhi>true</isDangPhi>
        <age>19</age>
        <gpa>5.0</gpa>
    </student>
    <student>
        <id>2</id>
        <name>Nguyễn Văn A</name>
        <grade>cntt</grade>
        <address>Hà Nội</address>
        <reward></reward>
        <punishment></punishment>
        <activity></activity>
        <placeJoinDoan>THPT</placeJoinDoan>
        <placeJoinDang>Hà Nội</placeJoinDang>
        <dateJoinDoan>14/11/2024</dateJoinDoan>
        <dateJoinDang>19/11/2024</dateJoinDang>
        <isDoanPhi>true</isDoanPhi>
        <isDangPhi>true</isDangPhi>
        <age>21</age>
        <gpa>4.0</gpa>
    </student>
    <student>
        <id>3</id>
        <name>Nguyễn Văn B</name>
        <grade>cntt</grade>
        <address>Hn</address>
        <reward></reward>
        <punishment></punishment>
        <activity></activity>
        <placeJoinDoan>tphp</placeJoinDoan>
        <placeJoinDang>Phenikaa</placeJoinDang>
        <dateJoinDoan>07/11/2024</dateJoinDoan>
        <dateJoinDang>08/11/2024</dateJoinDang>
        <isDoanPhi>true</isDoanPhi>
        <isDangPhi>false</isDangPhi>
        <age>19</age>
        <gpa>7.0</gpa>
    </student>
    <student>
        <id>4</id>
        <name>Phạm Quang Minh</name>
        <grade>cntt</grade>
        <address>HN</address>
        <reward>Không có</reward>
        <punishment>Không có</punishment>
        <activity>Chưa tham gia</activity>
        <placeJoinDoan>thpt</placeJoinDoan>
        <placeJoinDang>Phenikaa</placeJoinDang>
        <dateJoinDoan>07/11/2024</dateJoinDoan>
        <dateJoinDang>07/11/2024</dateJoinDang>
        <isDoanPhi>true</isDoanPhi>
        <isDangPhi>false</isDangPhi>
        <age>19</age>
        <gpa>9.0</gpa>
    </student>
    <student>
        <id>5</id>
        <name>Phạm Văn C</name>
        <grade>cntt</grade>
        <address>bg</address>
        <reward>Không có</reward>
        <punishment>Không có</punishment>
        <activity>Chưa tham gia</activity>
        <placeJoinDoan>THPT</placeJoinDoan>
        <placeJoinDang>Chưa vào Đảng</placeJoinDang>
        <dateJoinDoan>04/11/2023</dateJoinDoan>
        <isDoanPhi>true</isDoanPhi>
        <isDangPhi>false</isDangPhi>
        <age>21</age>
        <gpa>8.0</gpa>
    </student>
    <student>
        <id>6</id>
        <name>Đỗ Văn A</name>
        <grade>cntt</grade>
        <address>hn</address>
        <reward></reward>
        <punishment></punishment>
        <activity>Thanh niên cùng tiến</activity>
        <placeJoinDoan>thpt</placeJoinDoan>
        <placeJoinDang>Phenikaa</placeJoinDang>
        <dateJoinDoan>03/11/2024</dateJoinDoan>
        <dateJoinDang>04/11/2024</dateJoinDang>
        <isDoanPhi>false</isDoanPhi>
        <isDangPhi>true</isDangPhi>
        <age>22</age>
        <gpa>7.0</gpa>
    </student>
    <student>
        <id>7</id>
        <name>Phạm Văn A</name>
        <grade>cntt</grade>
        <address>HN</address>
        <reward>Thành tích tốt</reward>
        <punishment>Không có</punishment>
        <activity>Chưa tham gia</activity>
        <placeJoinDoan>thpt</placeJoinDoan>
        <placeJoinDang>Chưa vào Đảng</placeJoinDang>
        <dateJoinDoan>11/11/0020</dateJoinDoan>
        <isDoanPhi>true</isDoanPhi>
        <isDangPhi>false</isDangPhi>
        <age>22</age>
        <gpa>7.0</gpa>
    </student>
    <student>
        <id>8</id>
        <name>Nguyễn A</name>
        <grade>cntt</grade>
        <address>BG</address>
        <reward>Không có</reward>
        <punishment>Không có</punishment>
        <activity>Chưa tham gia</activity>
        <placeJoinDoan>thpt</placeJoinDoan>
        <placeJoinDang>Chưa vào Đảng</placeJoinDang>
        <dateJoinDoan>27/11/2021</dateJoinDoan>
        <isDoanPhi>true</isDoanPhi>
        <isDangPhi>false</isDangPhi>
        <age>22</age>
        <gpa>6.0</gpa>
    </student>
    <student>
        <id>9</id>
        <name>Mai C</name>
        <grade>tdh</grade>
        <address>HN</address>
        <reward>Không có</reward>
        <punishment>Không có</punishment>
        <activity>Chưa tham gia</activity>
        <placeJoinDoan>thpt</placeJoinDoan>
        <placeJoinDang>Chưa vào Đảng</placeJoinDang>
        <dateJoinDoan>10/11/2022</dateJoinDoan>
        <isDoanPhi>true</isDoanPhi>
        <isDangPhi>false</isDangPhi>
        <age>21</age>
        <gpa>7.0</gpa>
    </student>
    <student>
        <id>10</id>
        <name>Thành A</name>
        <grade>nna</grade>
        <address>hn</address>
        <reward>giấy khen</reward>
        <punishment>Không có</punishment>
        <activity>Thi đua tháng 12</activity>
        <placeJoinDoan>thpt</placeJoinDoan>
        <placeJoinDang>Phenikaa</placeJoinDang>
        <dateJoinDoan>21/11/2025</dateJoinDoan>
        <dateJoinDang>10/11/2023</dateJoinDang>
        <isDoanPhi>true</isDoanPhi>
        <isDangPhi>true</isDangPhi>
        <age>21</age>
        <gpa>8.0</gpa>
    </student>
    <student>
        <id>11</id>
        <name>Đức A</name>
        <grade>nnt</grade>
        <address>HN</address>
        <reward>Không có</reward>
        <punishment>Không có</punishment>
        <activity>Chưa tham gia</activity>
        <placeJoinDoan>thpt</placeJoinDoan>
        <placeJoinDang>Chưa vào Đảng</placeJoinDang>
        <dateJoinDoan>14/11/2023</dateJoinDoan>
        <isDoanPhi>true</isDoanPhi>
        <isDangPhi>false</isDangPhi>
        <age>21</age>
        <gpa>7.0</gpa>
    </student>
    <student>
        <id>12</id>
        <name>Hải A</name>
        <grade>nnt</grade>
        <address>Nghệ An</address>
        <reward>Không có</reward>
        <punishment>Không có</punishment>
        <activity>Chưa tham gia</activity>
        <placeJoinDoan>thpt</placeJoinDoan>
        <placeJoinDang>Chưa vào Đảng</placeJoinDang>
        <dateJoinDoan>16/11/2022</dateJoinDoan>
        <isDoanPhi>true</isDoanPhi>
        <isDangPhi>false</isDangPhi>
        <age>22</age>
        <gpa>8.0</gpa>
    </student>
    <student>
        <id>13</id>
        <name>Văn H</name>
        <grade>nnt</grade>
        <address>Hiệp Hòa</address>
        <reward>Không có</reward>
        <punishment>Không có</punishment>
        <activity>Chưa tham gia</activity>
        <placeJoinDoan>thpt</placeJoinDoan>
        <placeJoinDang>Chưa vào Đảng</placeJoinDang>
        <dateJoinDoan>24/11/2022</dateJoinDoan>
        <isDoanPhi>true</isDoanPhi>
        <isDangPhi>false</isDangPhi>
        <age>23</age>
        <gpa>7.0</gpa>
    </student>
    <student>
        <id>14</id>
        <name>Văn B</name>
        <grade>nna</grade>
        <address>Hải Phòng</address>
        <reward>Không có</reward>
        <punishment>Không có</punishment>
        <activity>Chưa tham gia</activity>
        <placeJoinDoan>thpt</placeJoinDoan>
        <placeJoinDang>Chưa vào Đảng</placeJoinDang>
        <dateJoinDoan>11/11/2022</dateJoinDoan>
        <isDoanPhi>true</isDoanPhi>
        <isDangPhi>false</isDangPhi>
        <age>21</age>
        <gpa>8.0</gpa>
    </student>
    <student>
        <id>15</id>
        <name>Đức D</name>
        <grade>nna</grade>
        <address>Cà Mau</address>
        <reward>Không có</reward>
        <punishment>Cảnh cáo</punishment>
        <activity>Chưa tham gia</activity>
        <placeJoinDoan>thpt</placeJoinDoan>
        <placeJoinDang>Chưa vào Đảng</placeJoinDang>
        <dateJoinDoan>18/11/2022</dateJoinDoan>
        <isDoanPhi>true</isDoanPhi>
        <isDangPhi>false</isDangPhi>
        <age>24</age>
        <gpa>2.0</gpa>
    </student>
    <student>
        <id>16</id>
        <name>Nguyễn A</name>
        <grade>nnh</grade>
        <address>Hòa Bình</address>
        <reward></reward>
        <punishment></punishment>
        <activity></activity>
        <placeJoinDoan>thpt</placeJoinDoan>
        <placeJoinDang>Phenikaa</placeJoinDang>
        <dateJoinDoan>11/11/2022</dateJoinDoan>
        <dateJoinDang>05/11/2024</dateJoinDang>
        <isDoanPhi>true</isDoanPhi>
        <isDangPhi>true</isDangPhi>
        <age>23</age>
        <gpa>8.0</gpa>
    </student>
    <student>
        <id>17</id>
        <name>Nguyễn Văn Quang</name>
        <grade>cntt</grade>
        <address>BG</address>
        <reward>Không có</reward>
        <punishment>Không có</punishment>
        <activity>Chưa tham gia</activity>
        <placeJoinDoan>THPT</placeJoinDoan>
        <placeJoinDang>Chưa vào Đảng</placeJoinDang>
        <dateJoinDoan>08/11/2022</dateJoinDoan>
        <isDoanPhi>true</isDoanPhi>
        <isDangPhi>false</isDangPhi>
        <age>19</age>
        <gpa>8.0</gpa>
    </student>
    <student>
        <id>18</id>
        <name>Nguyễn Văn Mạnh</name>
        <grade>cntt</grade>
        <address>BG</address>
        <reward></reward>
        <punishment></punishment>
        <activity></activity>
        <placeJoinDoan>Thpt</placeJoinDoan>
        <placeJoinDang></placeJoinDang>
        <dateJoinDoan>10/11/2022</dateJoinDoan>
        <isDoanPhi>true</isDoanPhi>
        <isDangPhi>false</isDangPhi>
        <age>30</age>
        <gpa>8.0</gpa>
    </student>
    <student>
        <id>19</id>
        <name>Lâm Quang Khôi</name>
        <grade>dtvt</grade>
        <address>bg</address>
        <reward></reward>
        <punishment></punishment>
        <activity></activity>
        <placeJoinDoan>thpt</placeJoinDoan>
        <placeJoinDang></placeJoinDang>
        <dateJoinDoan>17/11/2022</dateJoinDoan>
        <isDoanPhi>true</isDoanPhi>
        <isDangPhi>false</isDangPhi>
        <age>19</age>
        <gpa>8.0</gpa>
    </student>
    <student>
        <id>20</id>
        <name>Dương Văn Đạt</name>
        <grade>dtvt</grade>
        <address>BG</address>
        <reward>Học bổng</reward>
        <punishment>Không có</punishment>
        <activity>Thi đua tháng 12, Thanh niên cùng tiến</activity>
        <placeJoinDoan>thpt</placeJoinDoan>
        <placeJoinDang>Phenikaa</placeJoinDang>
        <dateJoinDoan>10/11/2022</dateJoinDoan>
        <dateJoinDang>02/11/2023</dateJoinDang>
        <isDoanPhi>true</isDoanPhi>
        <isDangPhi>true</isDangPhi>
        <age>19</age>
        <gpa>8.0</gpa>
    </student>
    <student>
        <id>21</id>
        <name>Nguyễn Văn Vũ</name>
        <grade>tdh</grade>
        <address>BG</address>
        <reward>Không có</reward>
        <punishment>Không có</punishment>
        <activity>Chưa tham gia</activity>
        <placeJoinDoan>thpt</placeJoinDoan>
        <placeJoinDang>Phenikaa</placeJoinDang>
        <dateJoinDoan>06/11/2024</dateJoinDoan>
        <dateJoinDang>01/11/2024</dateJoinDang>
        <isDoanPhi>true</isDoanPhi>
        <isDangPhi>false</isDangPhi>
        <age>19</age>
        <gpa>9.0</gpa>
    </student>
    <student>
        <id>22</id>
        <name>minh</name>
        <grade>cntt</grade>
        <address>bg</address>
        <reward>Không có</reward>
        <punishment>Không có</punishment>
        <activity>Chưa tham gia</activity>
        <placeJoinDoan>thpt</placeJoinDoan>
        <placeJoinDang>Chưa vào Đảng</placeJoinDang>
        <dateJoinDoan>07/11/2024</dateJoinDoan>
        <isDoanPhi>false</isDoanPhi>
        <isDangPhi>false</isDangPhi>
        <age>18</age>
        <gpa>6.0</gpa>
    </student>
    <student>
        <id>23</id>
        <name>Nguyễn Đình Hải Linh</name>
        <grade>tdh</grade>
        <address>BG</address>
        <reward>Không có</reward>
        <punishment>Không có</punishment>
        <activity>Chưa tham gia</activity>
        <placeJoinDoan>thpt</placeJoinDoan>
        <placeJoinDang>Phenikaa</placeJoinDang>
        <dateJoinDoan>10/11/2022</dateJoinDoan>
        <dateJoinDang>12/11/2024</dateJoinDang>
        <isDoanPhi>true</isDoanPhi>
        <isDangPhi>false</isDangPhi>
        <age>21</age>
        <gpa>8.0</gpa>
    </student>
</students>
